{
"lengthUnit": "mil",
"components": {
	"fields": ["COMPONENT_NO", "COMPONENT_NAME", "LAYER", "X_COORDINATE", "Y_COORDINATE", "ANGLE"],
	"rows": [
		[1, "B-", "T", 725, 1240, 90],
		[2, "B+", "T", 215, 647.64, 0],
		[3, "BUTTON", "T", 2687.55, 301.65, 0],
		[4, "C1", "T", 1297.38, 1082.62, 90],
		[5, "C2", "T", 1357.38, 1082.62, 90],
		[6, "C3", "T", 1435, 545, 180],
		[7, "C4", "T", 1287.44, 547.56, 0],
		[8, "C5", "T", 1146.56, 650.8, 90],
		[9, "C6", "T", 1238.3, 682.74, 180],
		[10, "C7", "T", 1240.58, 621.14, 180],
		[11, "C8", "T", 1515, 645, 90],
		[12, "C9", "T", 1580, 645, 90],
		[13, "C10", "T", 1645, 760, 180],
		[14, "C11", "T", 1645, 825, 180],
		[15, "C13", "T", 1450, 645, 90],
		[16, "C33", "T", 1670, 895, 180],
		[17, "C34", "T", 349.75, 743.18, 180],
		[18, "C35", "T", 469.18, 744.47, 180],
		[19, "C36", "T", 2576.73, 796.79, 0],
		[20, "C39", "T", 2853.26, 1000.87, 180],
		[21, "C40", "T", 2733.26, 1000.87, 180],
		[22, "C42", "T", 2576.73, 916.79, 0],
		[23, "C43", "T", 2576.73, 856.79, 180],
		[24, "C44", "T", 2750, 500, 270],
		[25, "C45", "T", 813.93, 71.07, 270],
		[26, "C46", "T", 263.93, 71.07, 90],
		[27, "C47", "T", 2815.35, 500.54, 270],
		[28, "D1", "T", 1800, 960, 270],
		[29, "D2", "T", 393.37, 833.37, 0],
		[30, "D50", "T", 1660, 1105, 90],
		[31, "H10", "B", -205, 670, 180],
		[32, "LED5", "T", 1835, 205, 90],
		[33, "LED6", "T", 1526.67, 205, 90],
		[34, "LED7", "T", 1218.33, 205, 90],
		[35, "LED8", "T", 910, 205, 90],
		[36, "Q6", "T", 2082.54, 611.74, 270],
		[37, "Q7", "T", 2213.03, 611.74, 270],
		[38, "Q8", "T", 2343.53, 611.74, 270],
		[39, "Q9", "T", 1952.04, 611.74, 270],
		[40, "Q10", "T", 1821.55, 611.74, 270],
		[41, "Q11", "T", 340.93, 995.19, 270],
		[42, "Q12", "T", 618.29, 995.66, 90],
		[43, "R2", "T", 1195, 930, 180],
		[44, "R3", "T", 1080.68, 985, 180],
		[45, "R4", "T", 1080, 1040, 180],
		[46, "R5", "T", 1195, 1040, 0],
		[47, "R6", "T", 1195, 985, 0],
		[48, "R8", "T", 1196.27, 873.72, 0],
		[49, "R9", "T", 1195, 820, 0],
		[50, "R10", "T", 1080, 875, 180],
		[51, "R11", "T", 1080, 820, 180],
		[52, "R12", "T", 1335, 645, 90],
		[53, "R13", "T", 1390, 645, 90],
		[54, "R14", "T", 1290, 390, 0],
		[55, "R15", "T", 1435, 475, 180],
		[56, "R16", "T", 1430, 390, 180],
		[57, "R17", "T", 1287.47, 481.82, 0],
		[58, "R20", "T", 1055.18, 617.84, 0],
		[59, "R21", "T", 1054.7, 677.77, 0],
		[60, "R22", "T", 1475, 1085, 270],
		[61, "R23", "T", 1530, 1085, 270],
		[62, "R24", "T", 1420, 1085, 270],
		[63, "R25", "T", 699.25, 846.12, 180],
		[64, "R26", "T", 1558.86, 1174.08, 180],
		[65, "R27", "T", 1585, 1085, 270],
		[66, "R31", "T", 1851.55, 479.85, 90],
		[67, "R32", "T", 1786.55, 479.85, 90],
		[68, "R33", "T", 1981.55, 479.85, 90],
		[69, "R34", "T", 1916.55, 479.85, 90],
		[70, "R35", "T", 2111.55, 479.85, 90],
		[71, "R36", "T", 2046.55, 479.85, 90],
		[72, "R37", "T", 2241.55, 479.85, 90],
		[73, "R38", "T", 2176.55, 479.85, 90],
		[74, "R39", "T", 2371.55, 479.85, 90],
		[75, "R40", "T", 2306.55, 479.85, 90],
		[76, "R64", "T", 1826.55, 779.85, 90],
		[77, "R65", "T", 1957.8, 779.85, 90],
		[78, "R66", "T", 2089.05, 779.85, 90],
		[79, "R67", "T", 2220.3, 779.85, 90],
		[80, "R68", "T", 2351.55, 779.85, 90],
		[81, "R76", "T", 1663.74, 975, 0],
		[82, "R79", "T", 1302.92, 203.92, 90],
		[83, "R80", "T", 996.14, 202.52, 90],
		[84, "R81", "T", 1918.18, 194.94, 90],
		[85, "R82", "T", 1614.86, 199.19, 90],
		[86, "R84", "T", 870.75, 975.45, 90],
		[87, "R85", "T", 2679.02, 498.94, 270],
		[88, "R86", "T", 2951.22, 875.45, 270],
		[89, "R87", "T", 615.99, 501.05, 90],
		[90, "R88", "T", 2367.94, 924.13, 0],
		[91, "SW15", "T", 2785.47, 1123.19, 180],
		[92, "SW16", "T", 459.44, 562.8, 180],
		[93, "U4", "T", 1419.15, 868.72, 0],
		[94, "U6", "T", 2090, 1015, 180],
		[95, "U12", "T", 540.83, 224.89, 90],
		[96, "U13", "T", 2758.26, 685.87, 180],
		[97, "U14", "T", 3025, 647.64, 90],
		[98, "X2", "T", 2783.26, 885.87, 180],
		[99, "PAD1", "T", 150, 650, 0],
		[100, "PAD2", "T", 725, 1175, 0]
	]
},
"pins": {
	"fields": ["PIN_NO", "PIN_NAME", "PIN_X", "PIN_Y", "LAYER", "PIN_TYPE", "NET_NAME", "NET_TYPE", "PAD_SHAPE", "PAD_SIZEX", "PAD_SIZEY", "HOLE_SIZE", "PAD_ANGLE"],
	"rows": [
		[1, "B-_1", 725, 1240, "T", "DIP", "B-", "", "O", 78.74, 472.44, 433.07, 90],
		[2, "B-_1", 725, 1240, "B", "DIP", "B-", "", "O", 78.74, 472.44, 433.07, 90],
		[3, "B+_1", 215, 647.64, "T", "DIP", "VBAT+", "", "O", 78.74, 472.44, 433.07, 0],
		[4, "B+_1", 215, 647.64, "B", "DIP", "VBAT+", "", "O", 78.74, 472.44, 433.07, 0],
		[5, "BUTTON_1", 2638.34, 367.6, "T", "SMD", "KEY1", "", "R", 23.62, 66.93, 0, 180],
		[6, "BUTTON_2", 2687.56, 367.6, "T", "SMD", "$1N33094", "", "R", 23.62, 66.93, 0, 180],
		[7, "BUTTON_3", 2736.77, 367.6, "T", "SMD", "GND", "GND", "R", 23.62, 66.93, 0, 180],
		[8, "BUTTON_4", 2809.6, 235.71, "T", "SMD", "GND", "GND", "R", 39.37, 110.24, 0, 180],
		[9, "BUTTON_5", 2565.5, 235.71, "T", "SMD", "GND", "GND", "R", 39.37, 110.24, 0, 180],
		[10, "C1_1", 1297.38, 1055.06, "T", "SMD", "SH_+3.3V", "", "R", 31.5, 35.43, 0, 90],
		[11, "C1_2", 1297.38, 1110.18, "T", "SMD", "GND", "GND", "R", 31.5, 35.43, 0, 90],
		[12, "C2_1", 1357.38, 1055.06, "T", "SMD", "SH_+3.3V", "", "R", 31.5, 35.43, 0, 90],
		[13, "C2_2", 1357.38, 1110.18, "T", "SMD", "GND", "GND", "R", 31.5, 35.43, 0, 90],
		[14, "C3_1", 1462.56, 545, "T", "SMD", "GND", "GND", "R", 31.5, 35.43, 0, 180],
		[15, "C3_2", 1407.44, 545, "T", "SMD", "$1N5466", "", "R", 31.5, 35.43, 0, 180],
		[16, "C4_1", 1259.88, 547.56, "T", "SMD", "GND", "GND", "R", 31.5, 35.43, 0, 0],
		[17, "C4_2", 1315, 547.56, "T", "SMD", "$1N5445", "", "R", 31.5, 35.43, 0, 0],
		[18, "C5_1", 1146.56, 623.24, "T", "SMD", "$1N5451", "", "R", 31.5, 35.43, 0, 90],
		[19, "C5_2", 1146.56, 678.36, "T", "SMD", "$1N5450", "", "R", 31.5, 35.43, 0, 90],
		[20, "C6_1", 1265.86, 682.74, "T", "SMD", "GND", "GND", "R", 31.5, 35.43, 0, 180],
		[21, "C6_2", 1210.74, 682.74, "T", "SMD", "$1N5450", "", "R", 31.5, 35.43, 0, 180],
		[22, "C7_1", 1268.14, 621.14, "T", "SMD", "GND", "GND", "R", 31.5, 35.43, 0, 180],
		[23, "C7_2", 1213.02, 621.14, "T", "SMD", "$1N5451", "", "R", 31.5, 35.43, 0, 180],
		[24, "C8_1", 1515, 617.44, "T", "SMD", "GND", "GND", "R", 31.5, 35.43, 0, 90],
		[25, "C8_2", 1515, 672.56, "T", "SMD", "$1N5346", "", "R", 31.5, 35.43, 0, 90],
		[26, "C9_1", 1580, 617.44, "T", "SMD", "GND", "GND", "R", 31.5, 35.43, 0, 90],
		[27, "C9_2", 1580, 672.56, "T", "SMD", "$1N5345", "", "R", 31.5, 35.43, 0, 90],
		[28, "C10_1", 1672.56, 760, "T", "SMD", "GND", "GND", "R", 31.5, 35.43, 0, 180],
		[29, "C10_2", 1617.44, 760, "T", "SMD", "$1N5355", "", "R", 31.5, 35.43, 0, 180],
		[30, "C11_1", 1672.56, 825, "T", "SMD", "GND", "GND", "R", 31.5, 35.43, 0, 180],
		[31, "C11_2", 1617.44, 825, "T", "SMD", "$1N5356", "", "R", 31.5, 35.43, 0, 180],
		[32, "C13_1", 1450, 617.44, "T", "SMD", "GND", "GND", "R", 31.5, 35.43, 0, 90],
		[33, "C13_2", 1450, 672.56, "T", "SMD", "$1N5348", "", "R", 31.5, 35.43, 0, 90],
		[34, "C33_1", 1709.37, 895, "T", "SMD", "GND", "GND", "R", 55.51, 53.15, 0, 180],
		[35, "C33_2", 1630.63, 895, "T", "SMD", "$1N5343", "", "R", 55.51, 53.15, 0, 180],
		[36, "C34_1", 377.31, 743.18, "T", "SMD", "$1N5477", "", "R", 31.5, 35.43, 0, 180],
		[37, "C34_2", 322.19, 743.18, "T", "SMD", "VBAT+", "", "R", 31.5, 35.43, 0, 180],
		[38, "C35_1", 496.74, 744.47, "T", "SMD", "P-", "", "R", 31.5, 35.43, 0, 180],
		[39, "C35_2", 441.62, 744.47, "T", "SMD", "$1N5477", "", "R", 31.5, 35.43, 0, 180],
		[40, "C36_1", 2549.17, 796.79, "T", "SMD", "GND", "GND", "R", 31.5, 35.43, 0, 0],
		[41, "C36_2", 2604.29, 796.79, "T", "SMD", "SH_+3.3V", "", "R", 31.5, 35.43, 0, 0],
		[42, "C39_1", 2880.82, 1000.87, "T", "SMD", "GND", "GND", "R", 31.5, 35.43, 0, 180],
		[43, "C39_2", 2825.7, 1000.87, "T", "SMD", "OSC_IN", "", "R", 31.5, 35.43, 0, 180],
		[44, "C40_1", 2760.82, 1000.87, "T", "SMD", "GND", "GND", "R", 31.5, 35.43, 0, 180],
		[45, "C40_2", 2705.7, 1000.87, "T", "SMD", "OSC_OUT", "", "R", 31.5, 35.43, 0, 180],
		[46, "C42_1", 2549.17, 916.79, "T", "SMD", "GND", "GND", "R", 31.5, 35.43, 0, 0],
		[47, "C42_2", 2604.29, 916.79, "T", "SMD", "NRST", "", "R", 31.5, 35.43, 0, 0],
		[48, "C43_1", 2604.29, 856.79, "T", "SMD", "SH_+3.3V", "", "R", 31.5, 35.43, 0, 180],
		[49, "C43_2", 2549.17, 856.79, "T", "SMD", "GND", "GND", "R", 31.5, 35.43, 0, 180],
		[50, "C44_1", 2750, 527.56, "T", "SMD", "SH_+3.3V", "", "R", 31.5, 35.43, 0, 270],
		[51, "C44_2", 2750, 472.44, "T", "SMD", "GND", "GND", "R", 31.5, 35.43, 0, 270],
		[52, "C45_1", 813.93, 98.63, "T", "SMD", "GND", "GND", "R", 31.5, 35.43, 0, 270],
		[53, "C45_2", 813.93, 43.51, "T", "SMD", "SH_+3.3V", "", "R", 31.5, 35.43, 0, 270],
		[54, "C46_1", 263.93, 43.51, "T", "SMD", "VCC2", "", "R", 31.5, 35.43, 0, 90],
		[55, "C46_2", 263.93, 98.63, "T", "SMD", "GND2", "", "R", 31.5, 35.43, 0, 90],
		[56, "C47_1", 2815.35, 528.1, "T", "SMD", "SH_+3.3V", "", "R", 31.5, 35.43, 0, 270],
		[57, "C47_2", 2815.35, 472.98, "T", "SMD", "GND", "GND", "R", 31.5, 35.43, 0, 270],
		[58, "D1_1", 1800, 1011.18, "T", "SMD", "$1N5342", "", "R", 35.43, 27.56, 0, 270],
		[59, "D1_2", 1800, 908.82, "T", "SMD", "VBAT+", "", "R", 35.43, 27.56, 0, 270],
		[60, "D2_1", 316.01, 833.37, "T", "SMD", "VBAT+", "", "R", 59.84, 66.14, 0, 360],
		[61, "D2_2", 470.73, 833.37, "T", "SMD", "P-", "", "R", 59.84, 66.14, 0, 360],
		[62, "D50_1", 1660, 1040.63, "T", "SMD", "$1N5343", "", "R", 47.24, 47.24, 0, 90],
		[63, "D50_2", 1660, 1169.37, "T", "SMD", "GND", "GND", "R", 47.24, 47.24, 0, 90],
		[64, "H10_1", -205, 953.46, "T", "DIP", "P-", "", "C", 228.35, 228.35, 173.23, 180],
		[65, "H10_1", -205, 953.46, "B", "DIP", "P-", "", "C", 228.35, 228.35, 173.23, 180],
		[66, "H10_2", -205, 670, "T", "DIP", "VBAT+", "", "C", 228.35, 228.35, 173.23, 180],
		[67, "H10_2", -205, 670, "B", "DIP", "VBAT+", "", "C", 228.35, 228.35, 173.23, 180],
		[68, "H10_3", -134.13, 425.91, "T", "DIP", "RS485_A", "", "C", 118.11, 118.11, 98.43, 180],
		[69, "H10_3", -134.13, 425.91, "B", "DIP", "RS485_A", "", "C", 118.11, 118.11, 98.43, 180],
		[70, "H10_4", -275.87, 425.91, "T", "DIP", "GND2", "", "C", 118.11, 118.11, 98.43, 180],
		[71, "H10_4", -275.87, 425.91, "B", "DIP", "GND2", "", "C", 118.11, 118.11, 98.43, 180],
		[72, "H10_5", -134.13, 284.17, "T", "DIP", "RS485_B", "", "C", 118.11, 118.11, 98.43, 180],
		[73, "H10_5", -134.13, 284.17, "B", "DIP", "RS485_B", "", "C", 118.11, 118.11, 98.43, 180],
		[74, "H10_6", -275.87, 284.17, "T", "DIP", "VCC2", "", "C", 118.11, 118.11, 98.43, 180],
		[75, "H10_6", -275.87, 284.17, "B", "DIP", "VCC2", "", "C", 118.11, 118.11, 98.43, 180],
		[76, "LED5_1", 1835, 155, "T", "DIP", "$1N29511", "", "C", 59.05, 59.05, 29.53, 90],
		[77, "LED5_1", 1835, 155, "B", "DIP", "$1N29511", "", "C", 59.05, 59.05, 29.53, 90],
		[78, "LED5_2", 1835, 255, "T", "DIP", "GND", "GND", "C", 59.05, 59.05, 29.53, 90],
		[79, "LED5_2", 1835, 255, "B", "DIP", "GND", "GND", "C", 59.05, 59.05, 29.53, 90],
		[80, "LED6_1", 1526.67, 155, "T", "DIP", "$1N29512", "", "C", 59.05, 59.05, 29.53, 90],
		[81, "LED6_1", 1526.67, 155, "B", "DIP", "$1N29512", "", "C", 59.05, 59.05, 29.53, 90],
		[82, "LED6_2", 1526.67, 255, "T", "DIP", "GND", "GND", "C", 59.05, 59.05, 29.53, 90],
		[83, "LED6_2", 1526.67, 255, "B", "DIP", "GND", "GND", "C", 59.05, 59.05, 29.53, 90],
		[84, "LED7_1", 1218.33, 155, "T", "DIP", "$1N29517", "", "C", 59.05, 59.05, 29.53, 90],
		[85, "LED7_1", 1218.33, 155, "B", "DIP", "$1N29517", "", "C", 59.05, 59.05, 29.53, 90],
		[86, "LED7_2", 1218.33, 255, "T", "DIP", "GND", "GND", "C", 59.05, 59.05, 29.53, 90],
		[87, "LED7_2", 1218.33, 255, "B", "DIP", "GND", "GND", "C", 59.05, 59.05, 29.53, 90],
		[88, "LED8_1", 910, 155, "T", "DIP", "$1N29518", "", "C", 59.05, 59.05, 29.53, 90],
		[89, "LED8_1", 910, 155, "B", "DIP", "$1N29518", "", "C", 59.05, 59.05, 29.53, 90],
		[90, "LED8_2", 910, 255, "T", "DIP", "GND", "GND", "C", 59.05, 59.05, 29.53, 90],
		[91, "LED8_2", 910, 255, "B", "DIP", "GND", "GND", "C", 59.05, 59.05, 29.53, 90],
		[92, "Q6_1", 2045.14, 572.37, "T", "SMD", "$1N5339", "", "R", 49.21, 27.56, 0, 270],
		[93, "Q6_2", 2119.94, 572.37, "T", "SMD", "$1N5333", "", "R", 49.21, 27.56, 0, 270],
		[94, "Q6_3", 2082.54, 651.11, "T", "SMD", "$1N5340", "", "R", 49.21, 27.56, 0, 270],
		[95, "Q7_1", 2175.63, 572.37, "T", "SMD", "$1N5344", "", "R", 49.21, 27.56, 0, 270],
		[96, "Q7_2", 2250.43, 572.37, "T", "SMD", "$1N5331", "", "R", 49.21, 27.56, 0, 270],
		[97, "Q7_3", 2213.03, 651.11, "T", "SMD", "$1N5341", "", "R", 49.21, 27.56, 0, 270],
		[98, "Q8_1", 2306.13, 572.37, "T", "SMD", "$1N5347", "", "R", 49.21, 27.56, 0, 270],
		[99, "Q8_2", 2380.93, 572.37, "T", "SMD", "$1N5332", "", "R", 49.21, 27.56, 0, 270],
		[100, "Q8_3", 2343.53, 651.11, "T", "SMD", "$1N5338", "", "R", 49.21, 27.56, 0, 270],
		[101, "Q9_1", 1914.64, 572.37, "T", "SMD", "$1N5352", "", "R", 49.21, 27.56, 0, 270],
		[102, "Q9_2", 1989.44, 572.37, "T", "SMD", "$1N5334", "", "R", 49.21, 27.56, 0, 270],
		[103, "Q9_3", 1952.04, 651.11, "T", "SMD", "$1N5351", "", "R", 49.21, 27.56, 0, 270],
		[104, "Q10_1", 1784.15, 572.37, "T", "SMD", "$1N5358", "", "R", 49.21, 27.56, 0, 270],
		[105, "Q10_2", 1858.95, 572.37, "T", "SMD", "VBAT+", "", "R", 49.21, 27.56, 0, 270],
		[106, "Q10_3", 1821.55, 651.11, "T", "SMD", "$1N5350", "", "R", 49.21, 27.56, 0, 270],
		[107, "Q11_1", 226.76, 1070.19, "T", "SMD", "P-", "", "R", 27.56, 39.37, 0, 270],
		[108, "Q11_2", 226.76, 1020.19, "T", "SMD", "P-", "", "R", 27.56, 39.37, 0, 270],
		[109, "Q11_3", 226.76, 970.19, "T", "SMD", "P-", "", "R", 27.56, 39.37, 0, 270],
		[110, "Q11_4", 226.76, 920.19, "T", "SMD", "$1N5388", "", "R", 27.56, 39.37, 0, 270],
		[111, "Q11_5", 455.1, 920.19, "T", "SMD", "$1N5363", "", "R", 27.56, 39.37, 0, 270],
		[112, "Q11_6", 455.1, 970.19, "T", "SMD", "$1N5363", "", "R", 27.56, 39.37, 0, 270],
		[113, "Q11_7", 455.1, 1020.19, "T", "SMD", "$1N5363", "", "R", 27.56, 39.37, 0, 270],
		[114, "Q11_8", 360.93, 995.19, "T", "SMD", "$1N5363", "", "R", 177.56, 157.48, 0, 270],
		[115, "Q11_8", 455.1, 1070.19, "T", "SMD", "$1N5363", "", "R", 27.56, 39.37, 0, 270],
		[116, "Q12_1", 732.46, 920.66, "T", "SMD", "$1N5444", "", "R", 27.56, 39.37, 0, 90],
		[117, "Q12_2", 732.46, 970.66, "T", "SMD", "$1N5444", "", "R", 27.56, 39.37, 0, 90],
		[118, "Q12_3", 732.46, 1020.66, "T", "SMD", "$1N5444", "", "R", 27.56, 39.37, 0, 90],
		[119, "Q12_4", 732.46, 1070.66, "T", "SMD", "$1N5452", "", "R", 27.56, 39.37, 0, 90],
		[120, "Q12_5", 504.12, 1070.66, "T", "SMD", "$1N5363", "", "R", 27.56, 39.37, 0, 90],
		[121, "Q12_6", 504.12, 1020.66, "T", "SMD", "$1N5363", "", "R", 27.56, 39.37, 0, 90],
		[122, "Q12_7", 504.12, 970.66, "T", "SMD", "$1N5363", "", "R", 27.56, 39.37, 0, 90],
		[123, "Q12_8", 598.29, 995.66, "T", "SMD", "$1N5363", "", "R", 177.56, 157.48, 0, 90],
		[124, "Q12_8", 504.12, 920.66, "T", "SMD", "$1N5363", "", "R", 27.56, 39.37, 0, 90],
		[125, "R2_1", 1224.66, 930, "T", "SMD", "$1N5396", "", "R", 31.75, 34.02, 0, 180],
		[126, "R2_2", 1165.34, 930, "T", "SMD", "SH_+3.3V", "", "R", 31.75, 34.02, 0, 180],
		[127, "R3_1", 1110.34, 985, "T", "SMD", "SCL", "", "R", 31.75, 34.02, 0, 180],
		[128, "R3_2", 1051.02, 985, "T", "SMD", "SH_+3.3V", "", "R", 31.75, 34.02, 0, 180],
		[129, "R4_1", 1109.66, 1040, "T", "SMD", "SDA", "", "R", 31.75, 34.02, 0, 180],
		[130, "R4_2", 1050.34, 1040, "T", "SMD", "SH_+3.3V", "", "R", 31.75, 34.02, 0, 180],
		[131, "R5_1", 1165.34, 1040, "T", "SMD", "SDA", "", "R", 31.75, 34.02, 0, 0],
		[132, "R5_2", 1224.66, 1040, "T", "SMD", "$1N5459", "", "R", 31.75, 34.02, 0, 0],
		[133, "R6_1", 1165.34, 985, "T", "SMD", "SCL", "", "R", 31.75, 34.02, 0, 0],
		[134, "R6_2", 1224.66, 985, "T", "SMD", "$1N5456", "", "R", 31.75, 34.02, 0, 0],
		[135, "R8_1", 1166.61, 873.72, "T", "SMD", "ALARM", "", "R", 31.75, 34.02, 0, 0],
		[136, "R8_2", 1225.93, 873.72, "T", "SMD", "$1N5457", "", "R", 31.75, 34.02, 0, 0],
		[137, "R9_1", 1165.34, 820, "T", "SMD", "RESET", "", "R", 31.75, 34.02, 0, 0],
		[138, "R9_2", 1224.66, 820, "T", "SMD", "$1N5458", "", "R", 31.75, 34.02, 0, 0],
		[139, "R10_1", 1109.66, 875, "T", "SMD", "ALARM", "", "R", 31.75, 34.02, 0, 180],
		[140, "R10_2", 1050.34, 875, "T", "SMD", "SH_+3.3V", "", "R", 31.75, 34.02, 0, 180],
		[141, "R11_1", 1109.66, 820, "T", "SMD", "RESET", "", "R", 31.75, 34.02, 0, 180],
		[142, "R11_2", 1050.34, 820, "T", "SMD", "SH_+3.3V", "", "R", 31.75, 34.02, 0, 180],
		[143, "R12_1", 1335, 615.34, "T", "SMD", "$1N5445", "", "R", 31.75, 34.02, 0, 90],
		[144, "R12_2", 1335, 674.66, "T", "SMD", "$1N5448", "", "R", 31.75, 34.02, 0, 90],
		[145, "R13_1", 1390, 615.34, "T", "SMD", "$1N5466", "", "R", 31.75, 34.02, 0, 90],
		[146, "R13_2", 1390, 674.66, "T", "SMD", "$1N5447", "", "R", 31.75, 34.02, 0, 90],
		[147, "R14_1", 1256.54, 390, "T", "DIP", "GND", "GND", "C", 39.37, 39.37, 21.65, 0],
		[148, "R14_1", 1256.54, 390, "B", "DIP", "GND", "GND", "C", 39.37, 39.37, 21.65, 0],
		[149, "R14_2", 1323.46, 390, "T", "DIP", "$1N5445", "", "C", 39.37, 39.37, 21.65, 0],
		[150, "R14_2", 1323.46, 390, "B", "DIP", "$1N5445", "", "C", 39.37, 39.37, 21.65, 0],
		[151, "R15_1", 1464.66, 475, "T", "SMD", "GND", "GND", "R", 31.75, 34.02, 0, 180],
		[152, "R15_2", 1405.34, 475, "T", "SMD", "$1N5466", "", "R", 31.75, 34.02, 0, 180],
		[153, "R16_1", 1463.46, 390, "T", "DIP", "GND", "GND", "C", 39.37, 39.37, 21.65, 180],
		[154, "R16_1", 1463.46, 390, "B", "DIP", "GND", "GND", "C", 39.37, 39.37, 21.65, 180],
		[155, "R16_2", 1396.54, 390, "T", "DIP", "$1N5466", "", "C", 39.37, 39.37, 21.65, 180],
		[156, "R16_2", 1396.54, 390, "B", "DIP", "$1N5466", "", "C", 39.37, 39.37, 21.65, 180],
		[157, "R17_1", 1257.81, 481.82, "T", "SMD", "GND", "GND", "R", 31.75, 34.02, 0, 0],
		[158, "R17_2", 1317.13, 481.82, "T", "SMD", "$1N5445", "", "R", 31.75, 34.02, 0, 0],
		[159, "R20_1", 1025.52, 617.84, "T", "SMD", "B-", "", "R", 31.75, 34.02, 0, 360],
		[160, "R20_2", 1084.84, 617.84, "T", "SMD", "$1N5451", "", "R", 31.75, 34.02, 0, 360],
		[161, "R21_1", 1025.04, 677.77, "T", "SMD", "$1N5444", "", "R", 31.75, 34.02, 0, 0],
		[162, "R21_2", 1084.36, 677.77, "T", "SMD", "$1N5450", "", "R", 31.75, 34.02, 0, 0],
		[163, "R22_1", 1475, 1114.66, "T", "SMD", "$1N5363", "", "R", 31.75, 34.02, 0, 270],
		[164, "R22_2", 1475, 1055.34, "T", "SMD", "DSGD", "", "R", 31.75, 34.02, 0, 270],
		[165, "R23_1", 1530, 1114.66, "T", "SMD", "$1N5388", "", "R", 31.75, 34.02, 0, 270],
		[166, "R23_2", 1530, 1055.34, "T", "SMD", "CHG", "", "R", 31.75, 34.02, 0, 270],
		[167, "R24_1", 1420, 1114.66, "T", "SMD", "$1N5452", "", "R", 31.75, 34.02, 0, 270],
		[168, "R24_2", 1420, 1055.34, "T", "SMD", "DSG", "", "R", 31.75, 34.02, 0, 270],
		[169, "R25_1", 728.91, 846.12, "T", "SMD", "$1N5444", "", "R", 31.75, 34.02, 0, 180],
		[170, "R25_2", 669.59, 846.12, "T", "SMD", "$1N5452", "", "R", 31.75, 34.02, 0, 180],
		[171, "R26_1", 1588.52, 1174.08, "T", "SMD", "P-", "", "R", 31.75, 34.02, 0, 180],
		[172, "R26_2", 1529.2, 1174.08, "T", "SMD", "$1N5388", "", "R", 31.75, 34.02, 0, 180],
		[173, "R27_1", 1585, 1114.66, "T", "SMD", "P-", "", "R", 31.75, 34.02, 0, 270],
		[174, "R27_2", 1585, 1055.34, "T", "SMD", "CHGD", "", "R", 31.75, 34.02, 0, 270],
		[175, "R31_1", 1851.55, 450.19, "T", "SMD", "$1N5356", "", "R", 31.75, 34.02, 0, 90],
		[176, "R31_2", 1851.55, 509.51, "T", "SMD", "VBAT+", "", "R", 31.75, 34.02, 0, 90],
		[177, "R32_1", 1786.55, 450.19, "T", "SMD", "$1N5356", "", "R", 31.75, 34.02, 0, 90],
		[178, "R32_2", 1786.55, 509.51, "T", "SMD", "$1N5358", "", "R", 31.75, 34.02, 0, 90],
		[179, "R33_1", 1981.55, 450.19, "T", "SMD", "$1N5355", "", "R", 31.75, 34.02, 0, 90],
		[180, "R33_2", 1981.55, 509.51, "T", "SMD", "$1N5334", "", "R", 31.75, 34.02, 0, 90],
		[181, "R34_1", 1916.55, 450.19, "T", "SMD", "$1N5355", "", "R", 31.75, 34.02, 0, 90],
		[182, "R34_2", 1916.55, 509.51, "T", "SMD", "$1N5352", "", "R", 31.75, 34.02, 0, 90],
		[183, "R35_1", 2111.55, 450.19, "T", "SMD", "$1N5345", "", "R", 31.75, 34.02, 0, 90],
		[184, "R35_2", 2111.55, 509.51, "T", "SMD", "$1N5333", "", "R", 31.75, 34.02, 0, 90],
		[185, "R36_1", 2046.55, 450.19, "T", "SMD", "$1N5345", "", "R", 31.75, 34.02, 0, 90],
		[186, "R36_2", 2046.55, 509.51, "T", "SMD", "$1N5339", "", "R", 31.75, 34.02, 0, 90],
		[187, "R37_1", 2241.55, 450.19, "T", "SMD", "$1N5346", "", "R", 31.75, 34.02, 0, 90],
		[188, "R37_2", 2241.55, 509.51, "T", "SMD", "$1N5331", "", "R", 31.75, 34.02, 0, 90],
		[189, "R38_1", 2176.55, 450.19, "T", "SMD", "$1N5346", "", "R", 31.75, 34.02, 0, 90],
		[190, "R38_2", 2176.55, 509.51, "T", "SMD", "$1N5344", "", "R", 31.75, 34.02, 0, 90],
		[191, "R39_1", 2371.55, 450.19, "T", "SMD", "$1N5348", "", "R", 31.75, 34.02, 0, 90],
		[192, "R39_2", 2371.55, 509.51, "T", "SMD", "$1N5332", "", "R", 31.75, 34.02, 0, 90],
		[193, "R40_1", 2306.55, 450.19, "T", "SMD", "$1N5348", "", "R", 31.75, 34.02, 0, 90],
		[194, "R40_2", 2306.55, 509.51, "T", "SMD", "$1N5347", "", "R", 31.75, 34.02, 0, 90],
		[195, "R64_1", 1826.55, 721.63, "T", "SMD", "$1N5350", "", "R", 47.54, 66.97, 0, 90],
		[196, "R64_2", 1826.55, 838.07, "T", "SMD", "$1N5334", "", "R", 47.54, 66.97, 0, 90],
		[197, "R65_1", 1957.8, 721.63, "T", "SMD", "$1N5351", "", "R", 47.54, 66.97, 0, 90],
		[198, "R65_2", 1957.8, 838.07, "T", "SMD", "$1N5333", "", "R", 47.54, 66.97, 0, 90],
		[199, "R66_1", 2089.05, 721.63, "T", "SMD", "$1N5340", "", "R", 47.54, 66.97, 0, 90],
		[200, "R66_2", 2089.05, 838.07, "T", "SMD", "$1N5331", "", "R", 47.54, 66.97, 0, 90],
		[201, "R67_1", 2220.3, 721.63, "T", "SMD", "$1N5341", "", "R", 47.54, 66.97, 0, 90],
		[202, "R67_2", 2220.3, 838.07, "T", "SMD", "$1N5332", "", "R", 47.54, 66.97, 0, 90],
		[203, "R68_1", 2351.55, 721.63, "T", "SMD", "$1N5338", "", "R", 47.54, 66.97, 0, 90],
		[204, "R68_2", 2351.55, 838.07, "T", "SMD", "B-", "", "R", 47.54, 66.97, 0, 90],
		[205, "R76_1", 1624.37, 975, "T", "SMD", "$1N5343", "", "R", 44.59, 54.21, 0, 0],
		[206, "R76_2", 1703.11, 975, "T", "SMD", "$1N5342", "", "R", 44.59, 54.21, 0, 0],
		[207, "R79_1", 1302.92, 174.26, "T", "SMD", "$1N29517", "", "R", 31.75, 34.02, 0, 90],
		[208, "R79_2", 1302.92, 233.58, "T", "SMD", "LED2", "", "R", 31.75, 34.02, 0, 90],
		[209, "R80_1", 996.14, 172.86, "T", "SMD", "$1N29518", "", "R", 31.75, 34.02, 0, 90],
		[210, "R80_2", 996.14, 232.18, "T", "SMD", "LED1", "", "R", 31.75, 34.02, 0, 90],
		[211, "R81_1", 1918.18, 165.28, "T", "SMD", "$1N29511", "", "R", 31.75, 34.02, 0, 90],
		[212, "R81_2", 1918.18, 224.6, "T", "SMD", "LED4", "", "R", 31.75, 34.02, 0, 90],
		[213, "R82_1", 1614.86, 169.53, "T", "SMD", "$1N29512", "", "R", 31.75, 34.02, 0, 90],
		[214, "R82_2", 1614.86, 228.85, "T", "SMD", "LED3", "", "R", 31.75, 34.02, 0, 90],
		[215, "R84_1", 870.75, 854.73, "T", "SMD", "$1N5444", "", "R", 50.49, 136.06, 0, 90],
		[216, "R84_2", 870.75, 1096.17, "T", "SMD", "B-", "", "R", 50.49, 136.06, 0, 90],
		[217, "R85_1", 2679.02, 528.6, "T", "SMD", "LED0", "", "R", 31.75, 34.02, 0, 270],
		[218, "R85_2", 2679.02, 469.28, "T", "SMD", "$1N33094", "", "R", 31.75, 34.02, 0, 270],
		[219, "R86_1", 2951.22, 905.11, "T", "SMD", "GND", "GND", "R", 31.75, 34.02, 0, 270],
		[220, "R86_2", 2951.22, 845.79, "T", "SMD", "BOOT0", "", "R", 31.75, 34.02, 0, 270],
		[221, "R87_1", 615.99, 471.39, "T", "SMD", "RS485_B", "", "R", 31.75, 34.02, 0, 90],
		[222, "R87_2", 615.99, 530.71, "T", "SMD", "$1N36982", "", "R", 31.75, 34.02, 0, 90],
		[223, "R88_1", 2338.28, 924.13, "T", "SMD", "B-", "", "R", 31.75, 34.02, 0, 0],
		[224, "R88_2", 2397.6, 924.13, "T", "SMD", "GND", "GND", "R", 31.75, 34.02, 0, 0],
		[225, "SW15_1", 2874.05, 1080.87, "T", "SMD", "NRST", "", "R", 27.56, 39.37, 0, 270],
		[226, "SW15_2", 2696.88, 1080.87, "T", "SMD", "NRST", "", "R", 27.56, 39.37, 0, 270],
		[227, "SW15_3", 2874.05, 1165.52, "T", "SMD", "GND", "GND", "R", 27.56, 39.37, 0, 270],
		[228, "SW15_4", 2696.88, 1165.52, "T", "SMD", "GND", "GND", "R", 27.56, 39.37, 0, 270],
		[229, "SW16_1", 380.7, 651.38, "T", "DIP", "SW16_1", "", "R", 60, 60, 39.37, 180],
		[230, "SW16_1", 380.7, 651.38, "B", "DIP", "SW16_1", "", "R", 60, 60, 39.37, 180],
		[231, "SW16_2", 459.44, 651.38, "T", "DIP", "SW16_2", "", "C", 60, 60, 39.37, 180],
		[232, "SW16_2", 459.44, 651.38, "B", "DIP", "SW16_2", "", "C", 60, 60, 39.37, 180],
		[233, "SW16_3", 538.18, 651.38, "T", "DIP", "SW16_3", "", "C", 60, 60, 39.37, 180],
		[234, "SW16_3", 538.18, 651.38, "B", "DIP", "SW16_3", "", "C", 60, 60, 39.37, 180],
		[235, "SW16_4", 380.7, 474.21, "T", "DIP", "RS485_A", "", "C", 60, 60, 39.37, 180],
		[236, "SW16_4", 380.7, 474.21, "B", "DIP", "RS485_A", "", "C", 60, 60, 39.37, 180],
		[237, "SW16_5", 459.44, 474.21, "T", "DIP", "$1N36982", "", "C", 60, 60, 39.37, 180],
		[238, "SW16_5", 459.44, 474.21, "B", "DIP", "$1N36982", "", "C", 60, 60, 39.37, 180],
		[239, "SW16_6", 538.18, 474.21, "T", "DIP", "SW16_6", "", "C", 60, 60, 39.37, 180],
		[240, "SW16_6", 538.18, 474.21, "B", "DIP", "SW16_6", "", "C", 60, 60, 39.37, 180],
		[241, "U4_1", 1325.55, 927.77, "T", "SMD", "SH_+3.3V", "", "R", 35.63, 11.02, 0, 0],
		[242, "U4_2", 1325.55, 908.09, "T", "SMD", "$1N5459", "", "R", 35.63, 11.02, 0, 0],
		[243, "U4_3", 1325.55, 888.4, "T", "SMD", "$1N5456", "", "R", 35.63, 11.02, 0, 0],
		[244, "U4_4", 1325.55, 868.72, "T", "SMD", "$1N5396", "", "R", 35.63, 11.02, 0, 0],
		[245, "U4_5", 1325.55, 849.03, "T", "SMD", "$1N5457", "", "R", 35.63, 11.02, 0, 0],
		[246, "U4_6", 1325.55, 829.35, "T", "SMD", "$1N5458", "", "R", 35.63, 11.02, 0, 0],
		[247, "U4_7", 1325.55, 809.66, "T", "SMD", "$1N5450", "", "R", 35.63, 11.02, 0, 0],
		[248, "U4_8", 1360.1, 775.12, "T", "SMD", "$1N5451", "", "R", 11.02, 35.63, 0, 0],
		[249, "U4_9", 1379.78, 775.12, "T", "SMD", "$1N5448", "", "R", 11.02, 35.63, 0, 0],
		[250, "U4_10", 1399.47, 775.12, "T", "SMD", "$1N5447", "", "R", 11.02, 35.63, 0, 0],
		[251, "U4_11", 1419.15, 775.12, "T", "SMD", "GND", "GND", "R", 11.02, 35.63, 0, 0],
		[252, "U4_12", 1438.84, 775.12, "T", "SMD", "$1N5348", "", "R", 11.02, 35.63, 0, 0],
		[253, "U4_13", 1458.52, 775.12, "T", "SMD", "$1N5346", "", "R", 11.02, 35.63, 0, 0],
		[254, "U4_14", 1478.21, 775.12, "T", "SMD", "$1N5345", "", "R", 11.02, 35.63, 0, 0],
		[255, "U4_15", 1512.75, 809.66, "T", "SMD", "$1N5355", "", "R", 35.63, 11.02, 0, 0],
		[256, "U4_16", 1512.75, 829.35, "T", "SMD", "$1N5356", "", "R", 35.63, 11.02, 0, 0],
		[257, "U4_17", 1512.75, 849.03, "T", "SMD", "$1N5343", "", "R", 35.63, 11.02, 0, 0],
		[258, "U4_18", 1512.75, 868.72, "T", "SMD", "U4_18", "", "R", 35.63, 11.02, 0, 0],
		[259, "U4_19", 1512.75, 888.4, "T", "SMD", "U4_19", "", "R", 35.63, 11.02, 0, 0],
		[260, "U4_20", 1512.75, 908.09, "T", "SMD", "U4_20", "", "R", 35.63, 11.02, 0, 0],
		[261, "U4_21", 1512.75, 927.77, "T", "SMD", "U4_21", "", "R", 35.63, 11.02, 0, 0],
		[262, "U4_22", 1478.21, 962.32, "T", "SMD", "U4_22", "", "R", 11.02, 35.63, 0, 0],
		[263, "U4_23", 1458.52, 962.32, "T", "SMD", "U4_23", "", "R", 11.02, 35.63, 0, 0],
		[264, "U4_24", 1438.84, 962.32, "T", "SMD", "U4_24", "", "R", 11.02, 35.63, 0, 0],
		[265, "U4_25", 1419.15, 962.32, "T", "SMD", "CHGD", "", "R", 11.02, 35.63, 0, 0],
		[266, "U4_26", 1399.47, 962.32, "T", "SMD", "CHG", "", "R", 11.02, 35.63, 0, 0],
		[267, "U4_27", 1379.78, 962.32, "T", "SMD", "DSGD", "", "R", 11.02, 35.63, 0, 0],
		[268, "U4_28", 1360.1, 962.32, "T", "SMD", "DSG", "", "R", 11.02, 35.63, 0, 0],
		[269, "U4_29", 1419.15, 868.72, "T", "SMD", "GND", "GND", "R", 131.89, 131.89, 0, 0],
		[270, "U6_1", 2213.03, 949.05, "T", "SMD", "B-", "", "R", 23.62, 66.93, 0, 360],
		[271, "U6_2", 2163.81, 949.05, "T", "SMD", "$1N5332", "", "R", 23.62, 66.93, 0, 360],
		[272, "U6_3", 2114.6, 949.05, "T", "SMD", "$1N5331", "", "R", 23.62, 66.93, 0, 360],
		[273, "U6_4", 2065.39, 949.05, "T", "SMD", "$1N5333", "", "R", 23.62, 66.93, 0, 360],
		[274, "U6_5", 2016.17, 949.05, "T", "SMD", "$1N5334", "", "R", 23.62, 66.93, 0, 360],
		[275, "U6_6", 1966.96, 949.05, "T", "SMD", "VBAT+", "", "R", 23.62, 66.93, 0, 360],
		[276, "U6_7", 1894.13, 1080.95, "T", "SMD", "GND", "GND", "R", 39.37, 110.24, 0, 360],
		[277, "U6_8", 2285.87, 1080.95, "T", "SMD", "GND", "GND", "R", 39.37, 110.24, 0, 360],
		[278, "U12_1", 727.85, 49.89, "T", "SMD", "SH_+3.3V", "", "O", 22.6, 94.51, 0, 90],
		[279, "U12_2", 727.85, 99.89, "T", "SMD", "GND", "GND", "O", 22.6, 94.51, 0, 90],
		[280, "U12_3", 727.85, 149.89, "T", "SMD", "RX0", "", "O", 22.6, 94.51, 0, 90],
		[281, "U12_4", 727.85, 199.89, "T", "SMD", "RS485_DE", "", "O", 22.6, 94.51, 0, 90],
		[282, "U12_5", 727.85, 249.89, "T", "SMD", "RS485_DE", "", "O", 22.6, 94.51, 0, 90],
		[283, "U12_6", 727.85, 299.89, "T", "SMD", "TX0", "", "O", 22.6, 94.51, 0, 90],
		[284, "U12_7", 727.85, 349.89, "T", "SMD", "GND", "GND", "O", 22.6, 94.51, 0, 90],
		[285, "U12_8", 727.85, 399.89, "T", "SMD", "GND", "GND", "O", 22.6, 94.51, 0, 90],
		[286, "U12_9", 353.81, 399.89, "T", "SMD", "GND2", "", "O", 22.6, 94.51, 0, 90],
		[287, "U12_10", 353.81, 349.89, "T", "SMD", "GND2", "", "O", 22.6, 94.51, 0, 90],
		[288, "U12_11", 353.81, 299.89, "T", "SMD", "U12_11", "", "O", 22.6, 94.51, 0, 90],
		[289, "U12_12", 353.81, 249.89, "T", "SMD", "RS485_A", "", "O", 22.6, 94.51, 0, 90],
		[290, "U12_13", 353.81, 199.89, "T", "SMD", "RS485_B", "", "O", 22.6, 94.51, 0, 90],
		[291, "U12_14", 353.81, 149.89, "T", "SMD", "U12_14", "", "O", 22.6, 94.51, 0, 90],
		[292, "U12_15", 353.81, 99.89, "T", "SMD", "GND2", "", "O", 22.6, 94.51, 0, 90],
		[293, "U12_16", 353.81, 49.89, "T", "SMD", "VCC2", "", "O", 22.6, 94.51, 0, 90],
		[294, "U13_1", 2805.5, 764.61, "T", "SMD", "BOOT0", "", "R", 7.87, 27.56, 0, 180],
		[295, "U13_2", 2789.76, 764.61, "T", "SMD", "OSC_IN", "", "R", 7.87, 27.56, 0, 180],
		[296, "U13_3", 2774, 764.61, "T", "SMD", "OSC_OUT", "", "R", 7.87, 27.56, 0, 180],
		[297, "U13_4", 2758.3, 764.61, "T", "SMD", "NRST", "", "R", 7.87, 27.56, 0, 180],
		[298, "U13_5", 2742.51, 764.61, "T", "SMD", "SH_+3.3V", "", "R", 7.87, 27.56, 0, 180],
		[299, "U13_6", 2726.76, 764.61, "T", "SMD", "KEY1", "", "R", 7.87, 27.56, 0, 180],
		[300, "U13_7", 2711.02, 764.61, "T", "SMD", "RS485_DE", "", "R", 7.87, 27.56, 0, 180],
		[301, "U13_8", 2679.52, 733.11, "T", "SMD", "TX0", "", "R", 27.56, 7.87, 0, 180],
		[302, "U13_9", 2679.52, 717.37, "T", "SMD", "RX0", "", "R", 27.56, 7.87, 0, 180],
		[303, "U13_10", 2679.52, 701.62, "T", "SMD", "LED4", "", "R", 27.56, 7.87, 0, 180],
		[304, "U13_11", 2679.55, 685.87, "T", "SMD", "LED3", "", "R", 27.56, 7.87, 0, 180],
		[305, "U13_12", 2679.52, 670.13, "T", "SMD", "LED2", "", "R", 27.56, 7.87, 0, 180],
		[306, "U13_13", 2679.52, 654.37, "T", "SMD", "LED1", "", "R", 27.56, 7.87, 0, 180],
		[307, "U13_14", 2679.52, 638.63, "T", "SMD", "LED0", "", "R", 27.56, 7.87, 0, 180],
		[308, "U13_15", 2711.02, 607.13, "T", "SMD", "U13_15", "", "R", 7.87, 27.56, 0, 180],
		[309, "U13_16", 2726.76, 607.13, "T", "SMD", "GND", "GND", "R", 7.87, 27.56, 0, 180],
		[310, "U13_17", 2742.52, 607.13, "T", "SMD", "SH_+3.3V", "", "R", 7.87, 27.56, 0, 180],
		[311, "U13_18", 2758.26, 607.13, "T", "SMD", "U13_18", "", "R", 7.87, 27.56, 0, 180],
		[312, "U13_19", 2774, 607.13, "T", "SMD", "SCL", "", "R", 7.87, 27.56, 0, 180],
		[313, "U13_20", 2789.76, 607.13, "T", "SMD", "SDA", "", "R", 7.87, 27.56, 0, 180],
		[314, "U13_21", 2805.5, 607.13, "T", "SMD", "SWDIO", "", "R", 7.87, 27.56, 0, 180],
		[315, "U13_22", 2837, 638.63, "T", "SMD", "SWCLK", "", "R", 27.56, 7.87, 0, 180],
		[316, "U13_23", 2837, 654.37, "T", "SMD", "U13_23", "", "R", 27.56, 7.87, 0, 180],
		[317, "U13_24", 2837, 670.13, "T", "SMD", "U13_24", "", "R", 27.56, 7.87, 0, 180],
		[318, "U13_25", 2836.99, 685.87, "T", "SMD", "U13_25", "", "R", 27.56, 7.87, 0, 180],
		[319, "U13_26", 2837, 701.61, "T", "SMD", "ALARM", "", "R", 27.56, 7.87, 0, 180],
		[320, "U13_27", 2837, 717.37, "T", "SMD", "U13_27", "", "R", 27.56, 7.87, 0, 180],
		[321, "U13_28", 2837, 733.11, "T", "SMD", "U13_28", "", "R", 27.56, 7.87, 0, 180],
		[322, "U13_29", 2758.25, 685.09, "T", "SMD", "GND", "GND", "R", 110.24, 110.24, 0, 180],
		[323, "U14_1", 2962.99, 573.82, "T", "SMD", "SWCLK", "", "R", 23.62, 66.93, 0, 90],
		[324, "U14_2", 2962.99, 623.03, "T", "SMD", "SWDIO", "", "R", 23.62, 66.93, 0, 90],
		[325, "U14_3", 2962.99, 672.24, "T", "SMD", "GND", "GND", "R", 23.62, 66.93, 0, 90],
		[326, "U14_4", 2962.99, 721.46, "T", "SMD", "SH_+3.3V", "", "R", 23.62, 66.93, 0, 90],
		[327, "U14_5", 3087.01, 794.29, "T", "SMD", "GND", "GND", "R", 39.37, 110.24, 0, 90],
		[328, "U14_6", 3087.01, 500.99, "T", "SMD", "GND", "GND", "R", 39.37, 110.24, 0, 90],
		[329, "X2_1", 2826.57, 919.34, "T", "SMD", "OSC_IN", "", "R", 55.12, 47.24, 0, 180],
		[330, "X2_2", 2739.95, 919.34, "T", "SMD", "GND", "GND", "R", 55.12, 47.24, 0, 180],
		[331, "X2_3", 2739.95, 852.41, "T", "SMD", "OSC_OUT", "", "R", 55.12, 47.24, 0, 180],
		[332, "X2_4", 2826.57, 852.41, "T", "SMD", "GND", "GND", "R", 55.12, 47.24, 0, 180],
		[333, "PAD1_1", 150, 650, "T", "SMD", "VBAT+", "", "R", 59.06, 393.7, 0, 0],
		[334, "PAD2_1", 725, 1175, "T", "SMD", "B-", "", "R", 59.06, 393.7, 0, 90]
	]
}
}